City_ID,City,Country,Lat,Lng,Max Temp,Humidity,Cloudiness,Wind Speed,Current Description
0,Albany,US,42.6001,-73.9662,65.52,84,52,2.8,broken clouds
1,Santa Maria,BR,-29.6842,-53.8069,67.3,100,100,5.75,mist
2,Punta Arenas,CL,-53.15,-70.9167,44.71,65,75,18.41,broken clouds
3,Avarua,CK,-21.2078,-159.775,78.85,61,87,14.97,overcast clouds
4,Busselton,AU,-33.65,115.3333,52.86,67,99,1.99,overcast clouds
5,Samsun,TR,41.25,36.3333,61.0,94,40,3.44,scattered clouds
6,Ushuaia,AR,-54.8,-68.3,44.26,65,75,2.3,broken clouds
7,Kathu,TH,7.9178,98.3332,84.69,84,100,4.9,overcast clouds
8,Caravelas,BR,-17.7125,-39.2481,73.67,84,40,5.84,scattered clouds
9,Poum,NC,-20.2333,164.0167,76.21,67,30,7.4,scattered clouds
10,Lewistown,US,40.5992,-77.5714,66.94,68,0,0.0,haze
11,Rikitea,PF,-23.1203,-134.9692,70.09,67,40,19.64,scattered clouds
12,Nybro,SE,56.7446,15.9071,54.25,71,70,12.64,broken clouds
13,Egvekinot,RU,66.3167,-179.1667,24.08,73,72,28.1,broken clouds
14,Butaritari,KI,3.0707,172.7902,82.42,74,40,15.88,scattered clouds
15,Port Elizabeth,ZA,-33.918,25.5701,63.1,88,100,5.01,overcast clouds
16,Bredasdorp,ZA,-34.5322,20.0403,52.39,85,65,6.02,broken clouds
17,Kapaa,US,22.0752,-159.319,85.1,53,0,10.36,clear sky
18,Tuktoyaktuk,CA,69.4541,-133.0374,41.0,75,75,19.57,broken clouds
19,Mar Del Plata,AR,-38.0023,-57.5575,59.02,73,40,9.22,scattered clouds
20,Deputatskiy,RU,69.3,139.9,13.12,87,99,10.67,overcast clouds
21,Vardo,NO,70.3705,31.1107,42.78,87,30,17.27,scattered clouds
22,Novikovo,RU,51.1537,37.8879,49.19,89,4,6.73,clear sky
23,Xichang,CN,27.8964,102.2634,56.12,93,100,1.03,overcast clouds
24,Hobart,AU,-42.8794,147.3294,61.27,88,75,8.05,light rain
25,Mataura,NZ,-46.1927,168.8643,51.48,47,7,2.44,clear sky
26,Abrego,CO,8.0807,-73.2205,64.29,96,100,3.83,overcast clouds
27,Roma,US,43.2128,-75.4557,64.72,84,75,0.0,broken clouds
28,Soure,BR,-0.7167,-48.5233,81.37,77,41,14.9,scattered clouds
29,Nome,US,64.5011,-165.4064,44.67,70,100,23.02,overcast clouds
30,Provideniya,RU,64.3833,-173.3,41.36,93,75,27.0,fog
31,Hermanus,ZA,-34.4187,19.2345,53.8,73,73,5.53,broken clouds
32,Nanchong,CN,30.7951,106.0847,55.98,94,100,4.52,overcast clouds
33,Puri,IN,19.8,85.85,77.52,80,98,9.04,overcast clouds
34,Georgetown,MY,5.4112,100.3354,78.73,91,20,4.61,few clouds
35,Jamestown,US,42.097,-79.2353,62.24,48,40,6.91,scattered clouds
36,Cayenne,GF,4.9333,-52.3333,80.64,78,0,6.91,clear sky
37,Zyryanka,RU,65.75,150.85,23.9,91,100,21.43,light snow
38,Shulan,CN,44.4167,126.95,35.2,59,3,4.94,clear sky
39,Namatanai,PG,-3.6667,152.4333,84.99,60,100,10.42,overcast clouds
40,Aksu,CN,41.1231,80.2644,56.7,33,100,4.47,overcast clouds
41,Ribeira Grande,PT,38.5167,-28.7,71.58,83,26,9.26,scattered clouds
42,Muros,ES,42.7762,-9.0603,63.84,83,4,6.49,clear sky
43,Itacarambi,BR,-15.1022,-44.0919,87.33,30,87,4.05,overcast clouds
44,Qaanaaq,GL,77.484,-69.3632,15.33,91,99,7.43,overcast clouds
45,Yerbogachen,RU,61.2767,108.0108,27.18,92,98,1.66,overcast clouds
46,Touros,BR,-5.1989,-35.4608,77.74,83,65,12.37,broken clouds
47,Upernavik,GL,72.7868,-56.1549,25.41,94,100,3.22,light snow
48,Sao Joao Da Barra,BR,-21.6403,-41.0511,75.29,91,98,14.14,overcast clouds
49,Longyearbyen,SJ,78.2186,15.6401,39.04,75,75,12.66,broken clouds
50,Port Hardy,CA,50.6996,-127.4199,55.58,94,100,3.44,fog
51,Homer,US,59.6425,-151.5483,57.79,65,75,11.99,broken clouds
52,Taltal,CL,-25.4,-70.4833,63.7,55,13,3.29,few clouds
53,Cherskiy,RU,68.75,161.3,26.69,90,100,20.4,overcast clouds
54,Port Augusta,AU,-32.5,137.7667,59.27,54,78,15.41,broken clouds
55,New Norfolk,AU,-42.7826,147.0587,60.93,79,99,3.65,overcast clouds
56,Jardim,BR,-21.4803,-56.1381,70.45,88,99,5.88,overcast clouds
57,Padang,ID,-0.9492,100.3543,71.65,85,100,3.27,moderate rain
58,Saint-Denis,FR,48.9167,2.3333,52.11,83,0,3.44,clear sky
59,Bethel,US,41.3712,-73.414,65.34,84,0,4.61,clear sky
60,Dunedin,NZ,-45.8742,170.5036,49.15,60,42,8.7,scattered clouds
61,Fortuna,US,40.5982,-124.1573,66.9,74,100,3.0,overcast clouds
62,Keuruu,FI,62.2667,24.7,47.8,91,63,10.18,broken clouds
63,Teguldet,RU,57.3064,88.1667,28.29,92,81,1.28,broken clouds
64,Nanortalik,GL,60.1432,-45.2371,36.79,85,47,11.32,scattered clouds
65,Kruisfontein,ZA,-34.0033,24.7314,60.89,82,100,11.99,overcast clouds
66,Kainantu,PG,-6.2887,145.8655,67.86,73,100,4.18,overcast clouds
67,Goderich,CA,43.7501,-81.7165,65.91,77,86,14.97,overcast clouds
68,Shingu,JP,33.7333,135.9833,68.7,96,100,6.96,overcast clouds
69,Mount Gambier,AU,-37.8333,140.7667,54.7,87,53,8.61,broken clouds
70,Bluff,NZ,-46.6,168.3333,51.8,58,7,1.19,clear sky
71,Alekseyevka,RU,50.6309,38.6903,49.71,86,2,6.85,clear sky
72,Broome,US,42.2506,-75.833,66.58,73,0,3.44,clear sky
73,Erenhot,CN,43.6475,111.9767,42.96,21,45,7.54,scattered clouds
74,Yellowknife,CA,62.456,-114.3525,55.92,47,75,10.36,broken clouds
75,Oxapampa,PE,-10.5775,-75.4017,61.09,97,95,2.08,overcast clouds
76,Tanout,NE,14.9709,8.8879,86.99,36,100,9.73,overcast clouds
77,Arraial Do Cabo,BR,-22.9661,-42.0278,70.59,91,66,29.53,broken clouds
78,Lebu,CL,-37.6167,-73.65,52.63,96,100,8.61,overcast clouds
79,Salamiyah,SY,35.0113,37.0532,67.77,63,0,3.27,clear sky
80,Kokstad,ZA,-30.5472,29.4241,55.74,91,100,2.89,overcast clouds
81,Acapulco,MX,16.8634,-99.8901,85.82,70,75,10.36,broken clouds
82,Kodiak,US,57.79,-152.4072,53.11,87,100,5.75,mist
83,Ancud,CL,-41.8697,-73.8203,51.62,98,100,21.56,moderate rain
84,Kungurtug,RU,50.5994,97.5228,22.77,89,100,4.05,overcast clouds
85,Labuhan,ID,-6.8844,112.2051,78.17,84,100,8.1,overcast clouds
86,Bambui,BR,-20.0064,-45.9769,74.95,64,100,3.24,overcast clouds
87,Cabedelo,BR,-6.9811,-34.8339,79.47,87,21,9.64,few clouds
88,Flin Flon,CA,54.7682,-101.865,40.84,45,20,10.36,few clouds
89,Hofn,IS,64.2539,-15.2082,42.98,61,85,9.64,overcast clouds
90,Muhos,FI,64.808,25.9931,46.89,80,62,11.59,broken clouds
91,Puerto Ayora,EC,-0.7393,-90.3518,65.55,96,91,7.0,overcast clouds
92,Zhanakorgan,KZ,43.9098,67.2495,54.9,28,1,4.79,clear sky
93,Vaini,TO,-21.2,-175.2,82.56,83,40,9.22,scattered clouds
94,Karasjok,NO,69.4719,25.5112,41.22,80,34,23.31,scattered clouds
95,Portland,US,45.5234,-122.6762,86.74,48,20,6.91,few clouds
96,Cape Town,ZA,-33.9258,18.4232,58.12,78,75,3.44,broken clouds
97,Adrar,MR,20.5022,-10.0711,90.82,16,0,10.27,clear sky
98,Fountain,US,38.6822,-104.7008,71.51,34,0,10.36,clear sky
99,Kumano,JP,34.3442,132.5894,59.92,90,100,1.25,overcast clouds
100,Kavieng,PG,-2.5744,150.7967,84.24,64,100,17.49,overcast clouds
101,Aykhal,RU,66.0,111.5,11.68,96,100,5.93,overcast clouds
102,Marsh Harbour,BS,26.5412,-77.0636,78.58,67,7,14.88,clear sky
103,Naklo Nad Notecia,PL,53.1421,17.6018,44.44,72,0,7.36,clear sky
104,Barcelos,PT,41.5388,-8.6151,70.92,64,6,2.82,clear sky
105,Sisimiut,GL,66.9395,-53.6735,29.73,90,100,6.08,overcast clouds
106,Bondoukou,CI,8.0333,-2.8,71.2,95,53,3.22,broken clouds
107,Barranca,PE,-10.75,-77.7667,62.06,77,39,8.63,scattered clouds
108,Saskylakh,RU,71.9167,114.0833,20.08,90,100,17.94,overcast clouds
109,Dikson,RU,73.5069,80.5464,33.48,98,100,20.65,light snow
110,Varnavino,RU,57.4035,45.0916,41.67,94,36,8.63,scattered clouds
111,Aranda De Duero,ES,41.6704,-3.6892,58.89,66,96,10.74,overcast clouds
112,Baykit,RU,61.67,96.37,26.8,98,73,0.36,broken clouds
113,Victoria,HK,22.2855,114.1577,82.45,86,11,10.0,few clouds
114,Hithadhoo,MV,-0.6,73.0833,80.98,78,77,19.15,heavy intensity rain
115,Port-Gentil,GA,-0.7193,8.7815,78.76,83,100,12.66,overcast clouds
116,Hilo,US,19.7297,-155.09,85.28,61,75,12.66,broken clouds
117,Makakilo City,US,21.3469,-158.0858,83.95,61,40,11.5,scattered clouds
118,Mogadishu,SO,2.0371,45.3438,77.05,83,89,13.85,overcast clouds
119,Karratha,AU,-20.7377,116.8463,75.29,35,3,9.91,clear sky
120,Tucurui,BR,-3.7661,-49.6725,84.85,49,77,1.61,broken clouds
121,Saint-Francois,FR,46.4154,3.9054,51.24,93,100,1.14,fog
122,Plettenberg Bay,ZA,-34.0527,23.3716,58.86,83,100,7.92,light rain
123,Epe,NG,6.5841,3.9834,74.95,94,100,3.78,moderate rain
124,Surt,LY,31.2089,16.5887,72.61,58,0,7.38,clear sky
125,Kaitangata,NZ,-46.2817,169.8464,51.39,52,27,4.79,scattered clouds
126,Byron Bay,AU,-28.65,153.6167,72.72,65,60,11.32,broken clouds
127,Nagato,JP,34.3833,131.2,63.88,91,100,13.27,light rain
128,Yumen,CN,40.2833,97.2,44.28,42,0,14.38,clear sky
129,Vao,NC,-22.6667,167.4833,71.01,71,47,26.13,scattered clouds
130,Fukue,JP,32.6881,128.8419,62.96,82,75,11.5,light rain
131,Paamiut,GL,61.994,-49.6678,35.56,72,78,6.4,broken clouds
132,Paratinga,BR,-12.6906,-43.1842,83.77,34,85,10.11,overcast clouds
133,Okha,RU,53.5739,142.9478,41.43,55,54,17.13,broken clouds
134,Rosita,NI,13.9268,-84.4032,73.96,99,100,2.91,overcast clouds
135,Itarema,BR,-2.9248,-39.9167,78.26,82,66,13.82,broken clouds
136,Kolondieba,ML,11.0882,-6.8926,74.93,84,89,0.51,light rain
137,Chokurdakh,RU,70.6333,147.9167,22.87,92,80,16.44,broken clouds
138,Chernyakhovsk,RU,54.6335,21.8156,49.19,82,0,9.82,clear sky
139,Abu Kamal,SY,34.4506,40.9171,80.06,29,74,5.79,broken clouds
140,Erzin,TR,36.9559,36.2,69.55,81,1,1.63,clear sky
141,Trofors,NO,65.5333,13.4063,42.67,98,100,6.85,light rain
142,Mosquera,CO,4.7059,-74.2302,53.69,94,100,6.91,overcast clouds
143,Uitenhage,ZA,-33.7576,25.3971,62.42,80,100,6.62,overcast clouds
144,Puerto Del Rosario,ES,28.5004,-13.8627,73.15,73,0,12.66,clear sky
145,Semporna,MY,4.4818,118.6112,80.91,79,97,3.38,overcast clouds
146,Amapa,BR,1.0,-52.0,80.01,65,48,7.09,scattered clouds
147,Bengkulu,ID,-3.8004,102.2655,72.75,87,100,7.11,light rain
148,Barrow,US,71.2906,-156.7887,41.02,60,0,24.16,clear sky
149,Guatire,VE,10.4762,-66.5427,77.2,94,100,4.56,overcast clouds
150,Saldanha,ZA,-33.0117,17.9442,51.85,77,4,11.48,clear sky
151,College,US,64.8569,-147.8028,61.12,60,75,3.44,broken clouds
152,Shenzhen,CN,22.5455,114.0683,82.35,86,19,6.15,few clouds
153,Yurginskoye,RU,56.8189,67.3921,46.89,41,100,8.05,overcast clouds
154,San Cristobal,VE,7.7669,-72.225,71.78,99,100,2.95,overcast clouds
155,Gornopravdinsk,RU,60.05,69.9,43.43,69,100,7.36,overcast clouds
156,Ponta Do Sol,PT,32.6667,-17.1,72.72,62,7,5.91,clear sky
157,Atuona,PF,-9.8,-139.0333,77.0,75,5,18.23,clear sky
158,Kutum,SD,14.2,24.6667,78.26,26,89,8.55,overcast clouds
159,Codrington,AU,-38.2667,141.9667,58.87,74,65,12.84,broken clouds
160,Lusambo,CD,-4.9667,23.45,71.38,84,80,2.59,broken clouds
161,Sur,OM,22.5667,59.5289,80.58,60,13,2.42,few clouds
162,Nikolskoye,RU,59.7035,30.7861,53.49,74,75,13.94,broken clouds
163,Kamloops,CA,50.6665,-120.3192,75.74,44,75,2.3,broken clouds
164,Puerto Asis,CO,0.5133,-76.5007,81.86,71,87,2.84,moderate rain
165,Luderitz,NA,-26.6481,15.1594,60.8,53,72,21.09,broken clouds
166,Asfi,MA,32.2994,-9.2372,72.01,65,24,6.62,few clouds
167,Vite,IN,17.2833,74.55,67.93,95,100,6.42,overcast clouds
168,Krasnoselkup,RU,65.7,82.4667,29.97,89,88,11.9,overcast clouds
169,Chicama,PE,-7.8447,-79.1469,59.54,81,16,6.44,few clouds
170,Mocuba,MZ,-16.8392,36.9856,69.42,82,0,2.42,clear sky
171,Afua,BR,-0.1567,-50.3867,80.38,72,18,10.27,few clouds
172,Brazzaville,CG,-4.2658,15.2832,74.46,72,93,1.43,light rain
173,Akureyri,IS,65.6835,-18.0878,37.33,81,100,16.11,light intensity drizzle
174,Port Alfred,ZA,-33.5906,26.891,57.18,87,100,4.0,overcast clouds
175,Rorvik,NO,64.8621,11.2373,48.31,87,100,19.57,drizzle rain
176,Roros,NO,62.5747,11.3842,40.84,65,72,12.66,broken clouds
177,Airai,TL,-8.9266,125.4092,70.09,57,28,3.58,scattered clouds
178,Mandalgovi,MN,45.7625,106.2708,37.44,28,100,8.43,overcast clouds
179,Brookhaven,US,31.5791,-90.4407,82.06,52,28,2.66,scattered clouds
180,Naze,JP,28.3667,129.4833,76.12,74,48,5.82,scattered clouds
181,Mehamn,NO,71.0357,27.8492,44.55,81,20,18.41,few clouds
182,Kang,BW,-23.6752,22.7876,72.34,20,3,6.11,clear sky
183,Gravdal,NO,68.1214,13.5031,48.52,68,97,21.0,overcast clouds
184,Kapustin Yar,RU,48.5831,45.7372,55.44,63,94,5.01,overcast clouds
185,Neosho,US,36.869,-94.368,79.27,43,2,1.01,clear sky
186,Thompson,CA,55.7435,-97.8558,37.56,48,20,9.22,few clouds
187,Hamilton,US,39.1834,-84.5333,70.09,55,40,4.61,scattered clouds
188,Puerto Penasco,MX,31.3167,-113.5333,84.9,63,4,11.97,clear sky
189,Norman Wells,CA,65.282,-126.8329,57.24,41,20,4.61,few clouds
190,Chuy,UY,-33.6971,-53.4616,57.25,92,100,17.83,light rain
191,Vestmannaeyjar,IS,63.4427,-20.2734,40.21,78,25,25.39,scattered clouds
192,Katherine,AU,-14.4667,132.2667,84.52,61,0,5.75,clear sky
193,Meulaboh,ID,4.1363,96.1285,74.34,95,100,9.06,overcast clouds
194,Hammerfest,NO,70.6634,23.6821,45.05,81,75,29.93,light intensity shower rain
195,Saint George,US,37.1041,-113.5841,87.26,21,0,3.44,clear sky
196,Talnakh,RU,69.4865,88.3972,25.21,98,98,8.57,overcast clouds
197,Olafsvik,IS,64.8945,-23.7142,41.22,69,88,14.14,overcast clouds
198,Richards Bay,ZA,-28.783,32.0377,69.69,83,100,15.68,overcast clouds
199,Bereda,ES,43.2686,-7.5406,60.15,100,93,4.29,overcast clouds
200,Tiksi,RU,71.6872,128.8694,20.62,84,100,27.47,overcast clouds
201,Aljezur,PT,37.3191,-8.8033,66.07,73,95,3.65,overcast clouds
202,Carnarvon,AU,-24.8667,113.6333,62.62,53,49,24.81,scattered clouds
203,Singkang,MY,2.1006,102.7994,75.07,95,99,3.15,overcast clouds
204,Abu Samrah,SY,35.3029,37.1841,68.97,68,0,3.65,clear sky
205,Mount Isa,AU,-20.7333,139.5,87.57,42,18,10.36,few clouds
206,Ryotsu,JP,38.0833,138.4333,57.79,74,100,10.51,light rain
207,Mozarlandia,BR,-14.7447,-50.5706,86.68,36,64,2.64,broken clouds
208,Hualmay,PE,-11.0964,-77.6139,62.1,79,26,9.6,scattered clouds
209,Kazachinskoye,RU,57.6953,93.2761,32.11,96,100,2.77,overcast clouds
210,Rocha,UY,-34.4833,-54.3333,55.42,95,100,15.21,overcast clouds
211,Bilma,NE,18.6853,12.9164,84.51,22,68,11.07,broken clouds
212,Newport,GB,51.5877,-2.9984,59.77,88,65,19.89,broken clouds
213,Lompoc,US,34.6391,-120.4579,89.02,82,100,10.36,fog
214,Thongwa,MM,16.7619,96.5278,77.16,86,100,4.09,overcast clouds
215,Tasiilaq,GL,65.6145,-37.6368,35.76,69,82,5.5,broken clouds
216,Christchurch,NZ,-43.5333,172.6333,55.33,60,25,14.97,scattered clouds
217,Okhtyrka,UA,50.3104,34.8988,49.08,91,60,6.62,broken clouds
218,Anadyr,RU,64.75,177.4833,36.1,59,20,20.13,few clouds
219,Aswan,EG,24.0934,32.907,87.1,32,0,6.91,clear sky
220,Filadelfia,US,39.9523,-75.1638,68.14,72,0,0.0,clear sky
221,Imbituba,BR,-28.24,-48.6703,68.86,97,100,13.6,overcast clouds
222,Chifeng,CN,42.2683,118.9636,44.53,23,0,5.32,clear sky
223,Burnham,US,41.6389,-87.5567,60.46,88,100,13.8,overcast clouds
224,Lorengau,PG,-2.0226,147.2712,83.07,77,99,9.86,overcast clouds
225,Rolla,US,37.9514,-91.7713,76.14,39,0,9.22,clear sky
226,Half Moon Bay,US,37.4636,-122.4286,86.92,71,75,19.57,broken clouds
227,Mumford,GH,5.2618,-0.759,75.7,92,7,10.16,clear sky
228,Nabire,ID,-3.3667,135.4833,76.06,89,100,2.8,overcast clouds
229,East London,ZA,-33.0153,27.9116,63.19,66,100,12.06,overcast clouds
230,Moron,AR,-34.6534,-58.6198,67.75,64,97,2.1,overcast clouds
231,Tornio,FI,65.8481,24.1466,48.22,74,9,16.8,clear sky
232,Lacdayan,PH,13.6,122.5333,82.27,82,95,6.58,overcast clouds
233,Sinegorye,RU,62.0788,150.477,19.8,89,100,2.82,overcast clouds
234,Sitka,US,57.0531,-135.33,62.49,77,75,4.61,broken clouds
235,Vaitape,PF,-16.5167,-151.75,78.17,77,18,24.85,light rain
236,Kabalo,CD,-6.05,26.9167,72.34,66,68,4.65,broken clouds
237,Esna,EG,25.2934,32.554,82.42,34,24,14.5,few clouds
238,Severo-Kurilsk,RU,50.6789,156.125,44.94,59,39,12.57,scattered clouds
239,Chudniv,UA,50.052,28.1175,51.33,96,64,7.29,broken clouds
240,Ouallam,NE,14.3188,2.0866,84.38,46,76,5.66,broken clouds
241,Los Llanos De Aridane,ES,28.6585,-17.9182,69.55,82,75,19.57,broken clouds
242,Matagami,CA,49.7502,-77.6328,37.51,100,100,11.5,light rain
243,Khomeyn,IR,33.6423,50.0789,59.02,21,1,2.71,clear sky
244,Qui Nhon,VN,13.7667,109.2333,77.0,91,92,7.05,overcast clouds
245,North Bend,US,43.4065,-124.2243,74.25,100,100,8.05,mist
246,Zheleznodorozhnyy,RU,55.7503,38.0042,52.32,79,50,13.47,scattered clouds
247,Pedernales,DO,18.0384,-71.744,82.36,71,85,7.16,overcast clouds
248,Mahebourg,MU,-20.4081,57.7,71.26,73,40,13.8,scattered clouds
249,Port Lincoln,AU,-34.7333,135.8667,55.67,66,54,17.49,broken clouds
250,Lubao,PH,14.9167,120.55,82.11,77,98,7.38,overcast clouds
251,Esperance,AU,-33.8667,121.9,55.96,63,100,11.74,overcast clouds
252,Palana,RU,59.1167,159.9667,32.68,57,94,18.59,overcast clouds
253,Lengshuijiang,CN,27.6881,111.4294,51.57,84,100,2.35,overcast clouds
254,Ilulissat,GL,69.2167,-51.1,28.42,100,100,2.3,light snow
255,Hasaki,JP,35.7333,140.8333,57.6,86,100,20.58,light rain
256,Trinidad,BO,-14.8333,-64.9,78.78,83,40,3.44,scattered clouds
257,Kathmandu,NP,27.7167,85.3167,64.62,100,100,2.3,overcast clouds
258,Itapage,BR,-3.6867,-39.5861,74.01,78,55,5.35,broken clouds
259,Fort Nelson,CA,58.8053,-122.7002,69.39,37,40,4.61,scattered clouds
260,Pacifica,US,37.6138,-122.4869,81.73,82,75,19.57,broken clouds
261,Moose Factory,CA,51.2585,-80.6094,39.2,87,100,11.5,overcast clouds
262,Narsaq,GL,60.9167,-46.05,35.82,76,50,7.56,scattered clouds
263,Constitucion,CL,-35.3333,-72.4167,53.82,85,93,9.13,overcast clouds
264,Maceio,BR,-9.6658,-35.7353,78.24,88,40,8.05,scattered clouds
265,Chadiza,ZM,-14.0678,32.4392,66.54,30,0,5.12,clear sky
266,Helong,CN,42.5397,128.9972,43.0,47,12,3.69,few clouds
267,Gazojak,TM,41.1875,61.4036,56.59,19,63,5.46,broken clouds
268,Pochutla,MX,15.7432,-96.4661,84.02,85,26,3.38,scattered clouds
269,Neiafu,TO,-18.65,-173.9833,83.08,74,40,10.36,scattered clouds
270,Los Mochis,MX,25.7667,-108.9667,89.47,40,0,19.57,clear sky
271,Clyde River,CA,70.4692,-68.5914,25.03,80,75,3.44,light snow
272,Aklavik,CA,68.2191,-135.0107,41.97,91,74,10.45,broken clouds
273,Bambous Virieux,MU,-20.3428,57.7575,71.22,73,40,13.8,light rain
274,Oktyabrskoye,RU,43.0645,44.7417,53.74,94,98,0.0,overcast clouds
275,Biak,ID,-0.9131,122.8766,81.28,71,97,4.18,overcast clouds
276,Clifton Springs,AU,-38.15,144.5667,62.89,94,75,11.5,heavy intensity rain
277,Redcar,GB,54.6166,-1.06,59.07,65,99,10.0,overcast clouds
278,Gizo,SB,-8.103,156.8419,83.41,67,94,4.18,light rain
279,Cidreira,BR,-30.1811,-50.2056,63.66,95,95,13.58,overcast clouds
280,Fuerte Olimpo,PY,-21.0415,-57.8738,66.42,95,66,3.44,broken clouds
281,Geraldton,AU,-28.7667,114.6,50.41,87,28,4.61,scattered clouds
282,Takaka,NZ,-40.85,172.8,53.19,45,0,5.39,clear sky
283,Souillac,MU,-20.5167,57.5167,70.18,73,40,13.8,scattered clouds
284,Vanavara,RU,60.34,102.2797,23.14,96,48,0.4,scattered clouds
285,Ballina,AU,-28.8667,153.5667,72.79,74,58,11.7,broken clouds
286,Armidale,AU,-30.5167,151.65,58.78,78,72,5.91,broken clouds
287,Nishihara,JP,26.1842,127.7558,80.65,84,40,9.22,scattered clouds
288,Poretskoye,RU,55.1974,46.3291,42.71,95,6,7.02,clear sky
289,Kasongo-Lunda,CD,-6.4667,16.8167,69.37,88,87,3.49,light rain
290,Port Macquarie,AU,-31.4333,152.9167,70.9,67,36,15.84,scattered clouds
291,Ketchikan,US,55.3422,-131.6461,60.78,94,20,12.66,few clouds
292,Presidente Epitacio,BR,-21.7633,-52.1156,71.1,91,100,16.84,overcast clouds
293,Daru,PG,-9.0763,143.2092,80.87,87,95,15.66,overcast clouds
294,Khatanga,RU,71.9667,102.5,19.85,95,100,14.0,overcast clouds
295,Fuling,CN,29.7022,107.3919,58.66,96,100,2.66,overcast clouds
296,Rantepao,ID,-2.9701,119.8978,73.54,84,100,1.16,overcast clouds
297,Couva,TT,10.4225,-61.4675,79.07,50,60,4.0,broken clouds
298,Tortoli,IT,39.9256,9.6572,64.22,77,0,10.36,clear sky
299,Harper,LR,4.375,-7.7169,75.99,89,85,6.89,overcast clouds
300,Lakatoro,VU,-16.0999,167.4164,82.72,71,11,5.35,few clouds
301,Abbeville,FR,50.1,1.8333,49.96,75,43,6.33,scattered clouds
302,Omboue,GA,-1.5746,9.2618,76.46,87,100,7.76,light rain
303,Pisco,PE,-13.7,-76.2167,62.65,77,0,13.8,clear sky
304,Tiznit,MA,29.5833,-9.5,73.83,51,0,1.7,clear sky
305,Puerto Madryn,AR,-42.7692,-65.0385,53.29,59,25,7.52,scattered clouds
306,Lensk,RU,60.7253,114.9278,25.63,88,67,0.94,broken clouds
307,Castro,BR,-24.7911,-50.0119,61.75,99,100,7.38,moderate rain
308,Wamba,NG,8.9333,8.6,68.76,98,77,0.94,broken clouds
309,Floro,NO,61.5996,5.0328,53.56,76,100,24.16,overcast clouds
310,Rantauprapat,ID,2.1,99.8333,74.08,96,100,1.25,overcast clouds
311,Boguchany,RU,58.3814,97.4531,27.18,96,52,1.48,broken clouds
312,Lermontovka,RU,47.1453,134.3383,41.41,50,10,5.5,clear sky
313,Murgab,TM,37.4966,61.9714,51.67,54,0,0.0,clear sky
314,Leningradskiy,RU,69.3833,178.4167,30.15,83,100,33.64,overcast clouds
315,Faanui,PF,-16.4833,-151.75,78.17,77,18,24.87,light rain
316,Kieta,PG,-6.2167,155.6333,84.76,59,100,3.47,overcast clouds
317,Santa Cruz,BO,-17.8,-63.1667,75.25,88,75,11.5,thunderstorm with light rain
318,Natal,BR,-5.795,-35.2094,80.82,83,20,9.22,few clouds
319,Veraval,IN,20.9,70.3667,80.2,76,90,11.9,overcast clouds
320,Ponta Delgada,PT,37.7333,-25.6667,69.49,77,20,3.44,few clouds
321,Margate,GB,51.3813,1.3862,54.9,86,20,3.0,few clouds
322,Persan,FR,49.15,2.2667,53.28,93,0,2.3,clear sky
323,Khuzdar,PK,27.7384,66.6434,70.57,34,0,0.69,clear sky
324,Kumylzhenskaya,RU,49.8809,42.5898,50.99,76,74,7.7,broken clouds
325,Ginda,IN,30.6945,78.4932,55.33,82,19,5.82,few clouds
326,Avera,US,33.194,-82.5271,72.91,38,0,1.86,clear sky
327,Upington,ZA,-28.4478,21.2561,61.18,33,0,4.61,clear sky
328,Kiunga,PG,-6.1219,141.2906,84.79,67,98,1.92,overcast clouds
329,Coihaique,CL,-45.5752,-72.0662,43.41,65,75,5.75,broken clouds
330,Kavaratti,IN,10.5669,72.642,81.25,75,100,14.72,overcast clouds
331,Ahipara,NZ,-35.1667,173.1667,57.27,55,87,7.18,overcast clouds
332,Bubaque,GW,11.2833,-15.8333,81.39,73,75,7.61,broken clouds
333,Jiazi,CN,22.8779,116.067,79.03,79,51,13.06,broken clouds
334,Mujiayingzi,CN,42.1167,118.7833,44.56,25,0,6.73,clear sky
335,Mezen,RU,65.8522,44.24,46.2,92,100,13.35,overcast clouds
336,Gat,IL,31.61,34.7642,74.08,100,0,3.87,clear sky
337,Korla,CN,41.7597,86.1469,51.69,42,27,2.66,scattered clouds
338,Huilong,CN,31.8111,121.655,59.94,79,100,10.71,overcast clouds
339,Banjar,ID,-8.19,114.9675,80.96,82,74,4.29,broken clouds
340,Sola,VU,-13.8833,167.55,80.92,74,83,11.25,broken clouds
341,Trollhattan,SE,58.2333,12.4167,53.58,87,100,12.66,light rain
342,Tura,IN,25.5198,90.2201,71.38,98,25,2.89,scattered clouds
343,Saint-Philippe,RE,-21.3585,55.7679,65.79,79,53,10.51,broken clouds
344,Liwale,TZ,-9.7667,37.9333,62.65,88,0,1.9,clear sky
345,La Grande,US,45.3246,-118.0877,83.01,31,3,4.92,clear sky
346,Broken Hill,AU,-31.95,141.4333,65.39,63,60,5.39,broken clouds
347,Manuk Mangkaw,PH,4.8,119.85,83.66,72,100,7.31,overcast clouds
348,Ruidoso,US,33.3317,-105.673,53.51,95,98,3.44,moderate rain
349,Henties Bay,NA,-22.116,14.2845,53.89,93,1,5.53,clear sky
350,Ambanja,MG,-13.6833,48.45,71.55,87,60,1.61,broken clouds
351,Talaya,RU,61.3833,152.75,19.62,82,100,5.26,overcast clouds
352,Olga,RU,43.7444,135.2892,46.65,36,11,3.29,few clouds
353,Vilhena,BR,-12.7406,-60.1458,80.82,65,20,4.61,few clouds
354,Saint Anthony,US,45.0205,-93.218,49.93,60,20,14.97,few clouds
355,La Brea,HN,15.8,-85.9667,81.91,74,75,4.61,broken clouds
356,Kandrian,PG,-6.2167,149.55,85.95,67,93,6.06,overcast clouds
357,Fare,PF,-16.7,-151.0167,78.12,77,2,25.64,clear sky
358,Ambilobe,MG,-13.2,49.05,65.93,84,4,4.85,clear sky
359,Foam Lake,CA,51.65,-103.5343,42.82,32,0,2.62,clear sky
360,Malinovskiy,RU,61.1953,62.8397,43.14,96,100,5.77,light rain
361,Nikel,RU,69.4128,30.222,42.98,87,4,18.54,clear sky
362,Boda,CF,4.3189,17.4695,67.08,98,77,3.04,broken clouds
363,Ostrovnoy,RU,68.0531,39.5131,45.54,90,100,13.15,overcast clouds
364,Lixourion,GR,38.2019,20.4314,68.02,67,83,6.46,broken clouds
365,Vila,PT,42.0304,-8.1588,56.28,83,13,3.49,few clouds
366,Atasu,KZ,48.6814,71.6433,50.36,52,47,6.2,scattered clouds
367,Kemijarvi,FI,66.7131,27.4306,40.17,86,23,12.68,few clouds
368,Khasan,RU,42.4308,130.6434,47.66,60,82,8.05,broken clouds
369,Ullapool,GB,57.8987,-5.1604,53.35,86,100,23.49,overcast clouds
370,Skibbereen,IE,51.55,-9.2667,60.12,86,84,24.45,broken clouds
371,Coquimbo,CL,-29.9533,-71.3436,56.93,88,0,6.91,clear sky
372,Lasa,IT,46.6166,10.7002,54.48,81,31,2.51,scattered clouds
373,Mana,GF,5.6592,-53.7767,80.58,82,77,13.11,broken clouds
374,Praia Da Vitoria,PT,38.7333,-27.0667,71.76,94,75,11.39,broken clouds
375,Nuevo Progreso,MX,23.1667,-97.95,79.54,71,88,7.52,overcast clouds
376,Tamworth,GB,52.634,-1.6959,57.83,87,43,7.0,scattered clouds
377,Dongsheng,CN,39.8161,109.9776,42.66,39,0,7.31,clear sky
378,Yulara,AU,-25.2406,130.9889,67.71,56,6,13.62,clear sky
379,Lagoa,PT,39.05,-27.9833,69.91,88,6,13.29,clear sky
380,Qinhuangdao,CN,39.9317,119.5883,54.18,54,0,5.3,clear sky
381,Garzon,CO,2.1959,-75.6278,71.96,86,72,2.48,moderate rain
382,Lock Haven,US,41.137,-77.4469,66.69,87,98,3.8,overcast clouds
383,Verkhoyansk,RU,67.5447,133.385,14.29,82,74,4.54,broken clouds
384,Unity,CA,52.4501,-109.1682,50.25,28,14,8.16,few clouds
385,Dudinka,RU,69.4058,86.1778,25.63,89,100,12.91,overcast clouds
386,Maragogi,BR,-9.0122,-35.2225,75.4,87,20,6.35,few clouds
387,Alta Floresta,BR,-9.8756,-56.0861,83.62,39,82,1.66,broken clouds
388,Sakhnovshchyna,UA,49.1517,35.872,50.38,68,21,6.73,few clouds
389,Auki,SB,-8.7676,160.7034,85.71,61,92,1.41,overcast clouds
390,Alofi,NU,-19.0595,-169.9187,82.29,65,40,16.11,scattered clouds
391,Belmonte,BR,-15.8631,-38.8828,74.5,90,62,6.17,broken clouds
392,Lincoln,US,40.8,-96.667,63.55,52,44,10.0,scattered clouds
393,Vadinsk,RU,53.6916,43.0574,48.81,95,74,8.88,broken clouds
394,Oranienburg,DE,52.75,13.2333,54.27,77,1,5.37,clear sky
395,Lavrentiya,RU,65.5833,-171.0,40.14,71,13,29.28,few clouds
396,Mbigou,GA,-1.9005,11.906,68.25,99,100,2.91,heavy intensity rain
397,Ouesso,CG,1.6136,16.0517,68.2,99,100,4.34,light rain
398,Tehri,IN,30.3833,78.4833,65.75,92,54,4.52,broken clouds
399,Owensboro,US,37.7742,-87.1133,75.25,41,40,11.5,scattered clouds
400,Acarau,BR,-2.8856,-40.12,78.39,82,47,15.08,scattered clouds
401,Bantogon,PH,6.5333,124.0333,82.26,69,100,1.14,overcast clouds
402,Kelso,US,46.1468,-122.9084,83.48,60,0,8.05,clear sky
403,Zhangjiakou,CN,40.81,114.8794,46.18,21,0,1.61,clear sky
404,Moscow,RU,55.7522,37.6156,52.32,89,52,13.49,broken clouds
405,Valleyview,CA,55.0667,-117.2859,62.64,51,2,3.44,clear sky
406,Torit,SS,4.4133,32.5678,70.54,81,76,3.13,broken clouds
407,Ojinaga,MX,29.5667,-104.4167,81.55,41,75,11.5,broken clouds
408,Turukhansk,RU,65.8167,87.9833,26.01,97,100,7.4,overcast clouds
409,Laguna,US,38.421,-121.4238,96.12,24,0,11.5,clear sky
410,Honiara,SB,-9.4333,159.95,87.15,61,59,8.12,broken clouds
411,Pitimbu,BR,-7.4706,-34.8086,79.39,87,18,9.17,few clouds
412,Iqaluit,CA,63.7506,-68.5145,20.93,85,40,9.22,scattered clouds
413,Aranos,NA,-24.1333,19.1167,65.73,15,11,10.76,few clouds
414,Minuri,PH,16.535,121.8574,77.45,89,81,1.97,broken clouds
415,Cubuk,TR,40.2386,33.0322,53.35,66,75,13.8,broken clouds
416,Columbus,US,39.9612,-82.9988,68.88,56,75,5.75,broken clouds
417,Djibo,BF,14.1022,-1.6306,83.59,50,47,10.92,scattered clouds
418,San Policarpo,PH,12.1791,125.5072,83.39,79,99,6.58,overcast clouds
419,Sarahan,IN,31.5167,77.8,52.79,72,1,4.41,clear sky
420,Peniche,PT,39.3558,-9.3811,62.11,88,66,7.7,broken clouds
421,Malanje,AO,-9.5402,16.341,66.61,89,99,1.54,overcast clouds
422,Palmer,US,42.1584,-72.3287,62.15,81,75,0.0,broken clouds
423,Grand Forks,US,47.9417,-97.4337,44.33,49,20,14.97,few clouds
424,Boa Vista,BR,2.8197,-60.6733,84.18,61,20,4.61,few clouds
425,Arlit,NE,18.7369,7.3853,89.17,19,85,13.13,overcast clouds
426,Sao Filipe,CV,14.8961,-24.4956,79.68,81,23,6.15,few clouds
427,Ust-Maya,RU,60.4167,134.5333,25.5,76,100,2.42,overcast clouds
428,Camana,PE,-16.6228,-72.7111,61.52,80,2,7.34,clear sky
429,Waddan,LY,29.1614,16.139,68.0,77,0,9.93,clear sky
430,Sabha,LY,27.0377,14.4283,71.02,40,0,11.07,clear sky
431,Bathsheba,BB,13.2167,-59.5167,81.21,83,40,10.36,scattered clouds
432,Viedma,AR,-40.8135,-62.9967,51.17,37,12,2.08,few clouds
433,Venice,US,27.0998,-82.4543,79.99,77,2,7.0,clear sky
434,Manyana,BW,-23.4,21.7167,73.72,12,43,13.02,scattered clouds
435,Te Anau,NZ,-45.4167,167.7167,49.06,56,16,2.26,few clouds
436,Wete,TZ,-5.0559,39.7294,71.8,86,68,7.94,broken clouds
437,Egra,CZ,50.0796,12.3739,45.82,90,61,1.97,broken clouds
438,Bakchar,RU,57.0186,82.0711,34.65,80,98,5.3,overcast clouds
439,Camacha,PT,33.0833,-16.3333,67.42,78,20,14.97,few clouds
440,Wexford,IE,52.3342,-6.4575,58.89,87,100,13.0,overcast clouds
441,Senneterre,CA,48.3835,-77.2328,39.96,95,100,10.85,light rain
442,Posse,BR,-14.0931,-46.3694,86.22,27,98,8.41,overcast clouds
443,Sungaipenuh,ID,-2.0833,101.3833,63.99,92,100,1.72,light rain
444,Eregli,TR,37.5133,34.0467,56.34,71,8,5.21,clear sky
445,Shenjiamen,CN,29.9576,122.298,65.25,82,100,17.31,overcast clouds
446,Nemuro,JP,43.3236,145.575,51.39,60,92,3.36,overcast clouds
447,Barra Do Corda,BR,-5.5,-45.25,85.64,36,52,2.73,broken clouds
448,Agua Verde,MX,22.9,-106.05,86.09,70,12,11.61,few clouds
449,Tautira,PF,-17.7333,-149.15,76.39,80,51,24.56,light rain
450,Torbay,CA,47.6666,-52.7314,55.76,96,100,3.44,fog
451,Buraydah,SA,26.326,43.975,81.05,12,0,5.84,clear sky
452,San Ramon,US,37.7799,-121.978,92.26,49,0,11.5,clear sky
453,Tsumeb,NA,-19.2333,17.7167,76.35,18,52,4.05,broken clouds
454,Cam Ranh,VN,11.9214,109.1591,76.96,94,40,4.61,scattered clouds
455,Prokhorovka,RU,51.0374,36.7325,49.57,93,18,7.2,few clouds
456,Carauari,BR,-4.8828,-66.8958,76.48,83,91,1.34,overcast clouds
457,Tilichiki,RU,60.4667,166.1,34.43,50,84,22.01,broken clouds
458,Arman,RU,59.7,150.1667,28.8,53,95,5.73,overcast clouds
459,Bandarbeyla,SO,9.4942,50.8122,78.3,79,42,19.17,scattered clouds
460,Penticton,CA,49.4806,-119.5858,78.67,44,75,10.36,broken clouds
461,Benghazi,LY,32.1167,20.0667,71.17,61,0,8.39,clear sky
462,Ust-Kut,RU,56.7938,105.7672,27.57,94,98,2.51,overcast clouds
463,Piacabucu,BR,-10.4056,-36.4344,75.9,86,44,9.22,scattered clouds
464,Coolum Beach,AU,-26.5333,153.1,75.11,67,93,9.15,overcast clouds
465,Kabompo,ZM,-13.5927,24.2008,72.3,19,36,9.66,scattered clouds
466,Autun,FR,46.95,4.3,50.52,85,100,2.17,overcast clouds
467,Stornoway,GB,58.2093,-6.3865,52.93,84,20,14.97,few clouds
468,Atar,MR,20.5169,-13.0499,88.39,19,2,6.93,clear sky
469,Wajid,SO,3.8093,43.2471,73.0,78,70,15.05,light rain
470,Pangnirtung,CA,66.1451,-65.7125,29.3,93,100,3.24,light snow
471,Ninh Binh,VN,20.2539,105.975,75.99,92,22,5.32,few clouds
472,Annemasse,FR,46.1944,6.2378,58.64,89,5,2.3,clear sky
473,Butka,RU,56.7179,63.7866,47.64,81,100,9.48,overcast clouds
474,Capinota,BO,-17.7167,-66.2333,69.21,26,4,4.23,clear sky
475,Ukmerge,LT,55.25,24.75,50.68,68,73,17.65,broken clouds
476,Husavik,IS,66.0449,-17.3389,36.32,98,100,10.65,overcast clouds
477,Vernon,CA,50.2581,-119.2691,78.22,34,75,3.44,broken clouds
478,Rincon,US,32.296,-81.2354,73.36,65,0,6.91,clear sky
479,Kampene,CD,-3.6,26.6667,66.76,98,74,2.48,light rain
480,Ayagoz,KZ,47.9714,80.4392,43.02,72,37,7.78,scattered clouds
481,Salalah,OM,17.0151,54.0924,77.09,83,75,3.44,broken clouds
482,Chapais,CA,49.7834,-74.8492,38.98,97,100,9.82,overcast clouds
483,Oktyabrskiy,RU,54.4815,53.471,40.96,94,25,5.57,scattered clouds
484,High Prairie,CA,55.4334,-116.4858,58.96,52,0,3.65,clear sky
485,Inongo,CD,-1.95,18.2667,70.48,95,100,4.5,overcast clouds
486,Matara,LK,5.9485,80.5353,75.76,90,100,9.57,overcast clouds
487,Talisay,PH,10.2447,123.8494,84.22,74,75,6.91,broken clouds
488,Udachnyy,RU,66.4167,112.4,12.06,92,99,4.68,overcast clouds
489,Argir,FO,61.9959,-6.7715,45.57,82,86,17.94,overcast clouds
490,Jalu,LY,29.0331,21.5482,67.53,54,0,7.96,clear sky
491,Salinopolis,BR,-0.6136,-47.3561,80.89,77,68,13.85,broken clouds
492,Ibotirama,BR,-12.1853,-43.2206,84.56,32,97,9.51,overcast clouds
493,Qandala,SO,11.472,49.8728,81.79,66,49,4.52,scattered clouds
494,Derzhavinsk,KZ,51.1,66.3167,49.77,25,99,9.42,overcast clouds
495,Pahasu,IN,28.1833,78.05,71.62,91,100,9.8,overcast clouds
496,Westport,US,41.1415,-73.3579,66.61,78,0,1.01,clear sky
497,Qujing,CN,25.4833,103.7833,59.81,93,97,5.23,overcast clouds
498,Cap Malheureux,MU,-19.9842,57.6142,71.47,70,63,5.99,broken clouds
499,Vila Velha,BR,-20.3297,-40.2925,76.95,88,75,9.22,broken clouds
500,San Luis,AR,-33.295,-66.3356,62.91,32,5,0.38,clear sky
501,Cody,US,44.5263,-109.0565,58.64,67,0,13.8,clear sky
502,Sharan,RU,54.8167,54.0,42.01,93,52,7.29,broken clouds
503,Eirunepe,BR,-6.6603,-69.8736,75.56,90,90,5.06,overcast clouds
504,Tver,RU,56.8619,35.8931,50.41,83,85,12.44,overcast clouds
505,Ha Giang,VN,22.8333,104.9833,74.46,87,31,1.74,scattered clouds
506,Doha,QA,25.2867,51.5333,85.98,81,0,3.44,clear sky
507,Tokur,RU,53.1333,132.9,26.46,76,95,5.75,overcast clouds
508,Ipira,BR,-12.1583,-39.7372,74.01,74,76,12.71,broken clouds
509,Mersing,MY,2.4312,103.8405,75.11,94,40,3.44,scattered clouds
510,San Jose,US,37.3394,-121.895,87.49,50,75,13.8,broken clouds
511,Ranot,TH,7.7777,100.3213,81.07,78,99,4.23,overcast clouds
512,Genhe,CN,50.7833,121.5167,28.71,48,6,1.28,clear sky
513,Comodoro Rivadavia,AR,-45.8667,-67.5,55.26,30,0,19.57,clear sky
514,Sao Gabriel Da Cachoeira,BR,-0.1303,-67.0892,79.54,71,74,2.93,broken clouds
515,Purpe,RU,64.4803,76.6897,34.97,84,100,16.82,overcast clouds
516,Norsup,VU,-16.0667,167.3833,82.63,71,11,6.69,few clouds
517,Loiza,PR,18.4313,-65.8802,84.18,81,40,11.5,scattered clouds
518,Balabac,PH,7.9868,117.0645,82.83,79,97,9.51,light rain
519,Klang,MY,3.0333,101.45,78.94,89,20,0.0,few clouds
520,Sibolga,ID,1.7427,98.7792,75.34,90,100,3.0,overcast clouds
521,Sao Joao Batista,BR,-27.2761,-48.8494,71.96,100,100,1.99,overcast clouds
522,Ulladulla,AU,-35.35,150.4667,66.51,72,97,5.95,light rain
523,Paracuru,BR,-3.41,-39.0306,79.11,82,43,10.31,scattered clouds
524,Paita,PE,-5.0892,-81.1144,63.7,85,17,14.99,few clouds
525,Yarada,IN,17.65,83.2667,79.12,100,40,2.3,mist
526,Aruja,BR,-23.3961,-46.3208,78.35,61,0,8.05,heavy intensity rain
527,Benalla,AU,-36.55,145.9833,60.85,98,100,9.19,moderate rain
528,Aksarka,RU,66.5606,67.7975,36.57,95,100,5.75,overcast clouds
529,Qiyang,CN,26.5911,111.8474,54.3,74,100,3.53,overcast clouds
530,Marsabit,KE,2.3284,37.9899,64.54,73,59,23.71,broken clouds
531,Conceicao Do Araguaia,BR,-8.2578,-49.2647,85.32,37,64,7.27,broken clouds
532,Ladario,BR,-19.0047,-57.6017,71.55,96,97,1.99,overcast clouds
533,Prince Rupert,CA,54.3161,-130.3201,64.49,81,0,10.36,clear sky
534,Sangin,AF,32.0728,64.8359,63.82,11,0,5.86,clear sky
535,Sao Jose Da Coroa Grande,BR,-8.8978,-35.1478,75.67,87,19,6.58,few clouds
536,Beringovskiy,RU,63.05,179.3167,39.72,52,11,29.24,few clouds
537,Buenos Aires,AR,-34.6132,-58.3772,64.29,64,92,2.19,overcast clouds
538,Alenquer,BR,-1.9417,-54.7383,86.5,42,52,6.58,broken clouds
539,Tocopilla,CL,-22.092,-70.1979,63.5,64,20,5.37,few clouds
540,Ferme-Neuve,CA,46.7001,-75.4493,58.32,69,96,6.2,overcast clouds
541,Ewa Beach,US,21.3156,-158.0072,85.37,62,40,11.5,scattered clouds
542,El Carmen,CO,8.5106,-73.4478,67.42,98,100,2.44,overcast clouds
543,Hobyo,SO,5.3505,48.5268,76.87,88,82,18.41,broken clouds
544,Adeje,ES,28.1227,-16.726,70.9,81,75,5.75,broken clouds
545,Kisangani,CD,0.5167,25.2,69.64,99,100,1.3,light rain
546,Ygatimi,PY,-24.0833,-55.5,64.51,98,100,6.42,overcast clouds
547,Muli,MV,2.9167,73.5667,81.72,76,76,18.68,broken clouds
548,Solnechnyy,RU,50.7214,136.6319,40.17,37,5,7.65,clear sky
549,Tezu,IN,27.9167,96.1667,72.57,99,100,1.86,overcast clouds
550,Orchard Homes,US,46.8633,-114.0484,76.28,39,0,5.75,clear sky
551,Ivankiv,UA,50.9386,29.8943,51.46,95,71,7.23,broken clouds
552,Buala,SB,-8.145,159.5921,84.34,69,99,7.83,light rain
553,Tuatapere,NZ,-46.1333,167.6833,52.86,48,11,1.77,few clouds
554,Cabra,ES,37.4725,-4.4421,64.94,74,8,3.11,clear sky
555,Cockburn Town,TC,21.4612,-71.1419,82.36,78,40,11.5,scattered clouds
556,Kaeo,NZ,-35.1,173.7833,62.33,60,79,2.59,broken clouds
557,Fez,MA,34.0372,-4.9998,70.05,64,0,6.91,clear sky
558,Katobu,ID,-4.9408,122.5276,80.98,82,99,2.71,overcast clouds
559,Cabo San Lucas,MX,22.8909,-109.9124,88.9,63,20,9.22,few clouds
560,Berlevag,NO,70.8578,29.0864,44.6,75,58,19.57,broken clouds
561,Finnsnes,NO,69.2296,17.9811,45.21,88,98,23.17,moderate rain
562,Komsomolets,KZ,53.7453,62.0708,51.96,63,100,13.4,overcast clouds
563,Brae,GB,60.3964,-1.353,51.4,91,100,28.39,light rain
564,Port Keats,AU,-14.25,129.55,88.54,58,4,3.6,clear sky
565,Walvis Bay,NA,-22.9575,14.5053,52.75,82,0,4.61,clear sky
566,Ongandjera,NA,-17.8833,15.0667,69.71,24,29,9.4,scattered clouds
567,Kaohsiung,TW,22.6163,120.3133,84.04,82,40,4.61,scattered clouds
568,Upata,VE,8.0086,-62.3989,74.19,97,73,3.02,broken clouds
569,Kalemie,CD,-5.9475,29.1947,73.31,43,25,1.45,scattered clouds
570,Zhangye,CN,38.9342,100.4517,47.71,41,12,2.59,few clouds
571,Taldan,RU,53.6667,124.8,34.12,51,55,6.53,broken clouds
572,Savannah Bight,HN,16.45,-85.85,78.08,85,100,9.24,overcast clouds
573,La Ronge,CA,55.1001,-105.2842,48.45,40,40,11.5,scattered clouds
574,Kurilsk,RU,45.2333,147.8833,48.83,49,89,8.14,overcast clouds
575,Sorland,NO,67.667,12.6934,48.06,75,93,21.21,overcast clouds
576,Guarapari,BR,-20.6667,-40.4975,72.12,90,95,10.22,overcast clouds
577,Lata,PT,40.1629,-8.3327,64.92,59,93,2.77,overcast clouds
578,Progreso,MX,21.2833,-89.6667,78.3,72,7,11.01,clear sky
579,Hervey Bay,AU,-25.2986,152.8535,75.02,58,49,7.0,scattered clouds
580,Flinders,AU,-34.5833,150.8552,71.06,82,89,5.01,moderate rain
581,Tolaga Bay,NZ,-38.3667,178.3,54.86,49,24,18.43,few clouds
582,Faqirwali,PK,29.4663,73.034,76.5,72,0,9.28,clear sky
583,Bilibino,RU,68.0546,166.4372,23.14,91,100,2.73,overcast clouds
584,Radomsko,PL,51.0671,19.4448,49.03,66,2,1.54,clear sky
585,Hay River,CA,60.8156,-115.7999,58.96,51,20,5.75,few clouds
586,Berlin,DE,52.5244,13.4105,55.17,73,0,3.0,clear sky
587,Sogne,NO,58.0833,7.8167,56.7,92,52,5.99,broken clouds
588,Morristown,US,36.214,-83.2949,68.05,52,0,0.0,clear sky
589,Kensington,AU,-33.9167,151.2167,72.77,73,75,10.36,moderate rain
590,Vidim,RU,56.4088,103.1106,29.52,92,77,3.38,broken clouds
591,Birao,CF,10.2849,22.7882,71.8,91,100,3.24,overcast clouds
592,Kongwa,TZ,-6.2,36.4167,61.11,85,24,5.39,few clouds
593,Alora,ES,36.8236,-4.7058,67.5,86,15,4.05,few clouds
594,Mae Sai,TH,20.4335,99.8762,70.14,99,49,1.05,scattered clouds
595,Panuco,MX,22.05,-98.1667,74.35,86,87,6.15,overcast clouds
596,Eyl,SO,7.9803,49.8164,77.41,79,89,13.49,overcast clouds
597,Brigantine,US,39.4101,-74.3646,64.6,87,0,3.44,clear sky
598,Lima,PE,-12.0432,-77.0282,66.9,71,0,11.5,clear sky
599,Katsuura,JP,35.1333,140.3,59.02,93,100,14.25,moderate rain
600,Petropavlovsk-Kamchatskiy,RU,53.0452,158.6483,45.19,46,40,4.47,scattered clouds
601,Krasnaya Gora,RU,52.9995,31.6023,49.01,92,38,10.4,scattered clouds
602,Kahului,US,20.8947,-156.47,87.82,69,40,19.57,scattered clouds
603,Mmathubudukwane,BW,-24.6,26.4333,68.79,31,0,5.17,clear sky
604,Cacequi,BR,-29.8836,-54.825,58.08,92,100,14.27,light rain
605,Sao Felix Do Xingu,BR,-6.6447,-51.995,83.75,44,84,0.76,moderate rain
606,San Quintin,MX,30.4833,-115.95,70.7,76,13,9.08,few clouds
607,Magadan,RU,59.5667,150.8,27.64,55,84,3.53,broken clouds
608,Luganville,VU,-15.5333,167.1667,83.07,73,36,7.9,scattered clouds
609,Traverse City,US,44.7631,-85.6206,50.11,87,97,18.84,overcast clouds
610,Whitehorse,CA,60.7161,-135.0538,61.57,37,75,15.01,broken clouds
611,Pevek,RU,69.7008,170.3133,28.04,83,100,35.93,light snow
612,Amla,IN,21.9333,78.1167,69.48,95,99,5.59,overcast clouds
613,Tongliao,CN,43.6125,122.2653,45.1,40,1,12.62,clear sky
614,Matay,EG,28.419,30.7792,70.07,62,0,15.9,clear sky
615,Indramayu,ID,-6.3264,108.32,79.77,77,99,6.67,overcast clouds
616,Rey Bouba,CM,8.6724,14.1786,70.47,93,89,2.08,light rain
617,Khobi,GE,42.3156,41.8987,62.91,93,98,2.71,overcast clouds
618,Sobolevo,RU,54.4299,31.8996,47.82,91,20,12.64,few clouds
619,Saint-Joseph,RE,-21.3667,55.6167,64.78,77,29,11.16,scattered clouds
620,Marawi,PH,7.9986,124.2928,76.03,78,74,1.1,broken clouds
621,San Andres,CO,12.5847,-81.7006,80.62,89,40,12.66,scattered clouds
622,Komsomolskiy,UZ,40.4272,71.7189,56.12,44,4,4.61,clear sky
623,Quisqueya,DO,18.5554,-69.4081,80.49,89,43,7.47,scattered clouds
624,Oranjestad,AW,12.524,-70.027,80.55,93,40,5.75,scattered clouds
625,Inuvik,CA,68.3499,-133.7218,47.16,68,75,8.05,broken clouds
626,Lakes Entrance,AU,-37.8811,147.981,65.16,68,100,3.87,moderate rain
627,Khash,IR,28.2211,61.2158,58.64,9,0,4.27,clear sky
628,Labuan,MY,5.2767,115.2417,79.16,94,20,0.0,few clouds
629,Calderitas,MX,18.55,-88.25,80.17,64,91,12.91,overcast clouds
630,Klaksvik,FO,62.2266,-6.589,45.52,78,78,15.52,broken clouds
631,Winchester,GB,51.0651,-1.3187,58.42,97,11,6.91,few clouds
632,Bad Sooden-Allendorf,DE,51.2833,9.9833,46.54,83,1,3.0,clear sky
633,Conakry,GN,9.538,-13.6773,79.56,78,85,4.65,overcast clouds
634,Tashla,RU,51.7716,52.7427,46.04,76,57,5.64,broken clouds
635,Ricardo Palma,PE,-11.9181,-76.6664,55.33,50,12,1.07,few clouds
636,Kotagiri,IN,11.4333,76.8833,57.27,85,94,2.17,overcast clouds
637,Novyy Urengoy,RU,66.0833,76.6333,34.93,82,100,15.93,overcast clouds
638,Vila Do Maio,CV,15.1333,-23.2167,81.39,85,37,9.57,scattered clouds
639,Sindor,RU,62.8629,51.8905,42.89,96,100,7.94,overcast clouds
640,Payson,US,40.0444,-111.7321,76.37,22,0,4.61,clear sky
641,Gobabis,NA,-22.45,18.9667,71.33,14,69,8.7,broken clouds
642,Marsa Matruh,EG,31.3525,27.2453,71.8,46,20,11.5,few clouds
643,Roald,NO,62.5833,6.1333,53.76,71,40,21.85,scattered clouds
644,Vanimo,PG,-2.6741,141.3028,80.91,85,100,6.51,overcast clouds
645,Altay,CN,47.8667,88.1167,37.22,59,0,3.29,clear sky
646,Soyo,AO,-6.1349,12.3689,75.36,84,83,5.91,light rain
647,Yacuiba,BO,-22.038,-63.6797,64.54,39,0,2.64,clear sky
648,Pacific Grove,US,36.6177,-121.9166,75.38,85,20,9.22,few clouds
649,Syracuse,IT,37.0881,15.2792,69.39,58,66,4.03,broken clouds
650,Nakusp,CA,50.2499,-117.8023,75.31,38,61,1.7,broken clouds
651,Namibe,AO,-15.1961,12.1522,61.65,88,93,5.7,overcast clouds
652,Najran,SA,17.4924,44.1277,77.65,26,100,3.53,overcast clouds
653,Puerto Lempira,HN,15.2667,-83.7667,80.74,83,75,9.22,broken clouds
654,Denpasar,ID,-8.65,115.2167,78.46,94,75,9.22,broken clouds
655,Karpogory,RU,64.0019,44.4451,46.47,89,100,13.2,overcast clouds
656,Chunskiy,RU,56.0815,99.6342,30.58,97,99,2.04,overcast clouds
657,Tessalit,ML,20.1986,1.0114,87.64,17,21,10.54,few clouds
658,Myitkyina,MM,25.3833,97.4,71.55,99,77,1.81,broken clouds
659,Hami,CN,42.8,93.45,49.42,27,0,2.98,clear sky
660,Doka,SD,13.5167,35.7667,75.6,76,44,5.28,scattered clouds
661,Guerande,FR,47.3291,-2.4283,50.95,80,9,6.91,clear sky
662,Huarmey,PE,-10.0681,-78.1522,62.8,80,41,8.9,scattered clouds
663,Duiwelskloof,ZA,-23.6934,30.14,69.94,34,0,2.39,clear sky
664,Isangel,VU,-19.55,169.2667,82.51,83,75,4.61,broken clouds
